{
  "id": "tournament-consensus-candidate",
  "label": "Learned Tournament Consensus Candidate",
  "model_type": "learned_tournament_consensus",
  "generated_at": "2026-03-16T03:59:01.292270+00:00",
  "snapshot_policy": "selection_sunday_latest_stable",
  "training_seasons": [
    2016,
    2017,
    2018,
    2019,
    2021,
    2022,
    2023,
    2024,
    2025
  ],
  "data_sources": [
    "Kaggle MMasseyOrdinals",
    "Local Massey master composite archive",
    "Archive team sheet ranks",
    "Archive KenPom/Barttorvik",
    "Archive EvanMiya",
    "Archive 538 ratings"
  ],
  "source_coverage": {
    "summary": [
      "bpi: 9 seasons",
      "net: 6 seasons",
      "massey_ordinal: 9 seasons",
      "massey_master: 7 seasons",
      "kenpom_badj_em: 9 seasons",
      "evanmiya_relative_rating: 9 seasons",
      "fivethirtyeight_power: 8 seasons",
      "resume_rank_blend: 6 seasons"
    ],
    "seasonsBySource": {
      "bpi": [
        2016,
        2017,
        2018,
        2019,
        2021,
        2022,
        2023,
        2024,
        2025
      ],
      "net": [
        2019,
        2021,
        2022,
        2023,
        2024,
        2025
      ],
      "massey_ordinal": [
        2016,
        2017,
        2018,
        2019,
        2021,
        2022,
        2023,
        2024,
        2025
      ],
      "massey_master": [
        2016,
        2017,
        2018,
        2019,
        2021,
        2022,
        2023
      ],
      "kenpom_badj_em": [
        2016,
        2017,
        2018,
        2019,
        2021,
        2022,
        2023,
        2024,
        2025
      ],
      "evanmiya_relative_rating": [
        2016,
        2017,
        2018,
        2019,
        2021,
        2022,
        2023,
        2024,
        2025
      ],
      "fivethirtyeight_power": [
        2016,
        2017,
        2018,
        2019,
        2021,
        2022,
        2023,
        2024
      ],
      "resume_rank_blend": [
        2019,
        2021,
        2022,
        2023,
        2024,
        2025
      ]
    }
  },
  "source_weights": {
    "bpi_rank_percentile_diff": 0.0515,
    "massey_ordinal_rank_percentile_diff": 0.0614,
    "kenpom_badj_em_power_diff": 0.5349,
    "evanmiya_relative_rating_power_diff": 0.3523
  },
  "scaler": {
    "means": {
      "kenpom_badj_em_power_diff": 0.0,
      "massey_ordinal_rank_percentile_diff": 6.276879291166963e-18,
      "bpi_rank_percentile_diff": -6.276879291166963e-18,
      "evanmiya_relative_rating_power_diff": 0.0,
      "seed_diff": 0.0,
      "seed_kenpom_interaction": -84.7907367491166,
      "abs_seed_same_conference_interaction": 0.10954063604240283,
      "missing_kenpom_badj_em": 0.17314487632508835,
      "missing_massey_ordinal_rank": 0.13604240282685512,
      "missing_bpi_rank": 0.2879858657243816,
      "missing_evanmiya_relative_rating": 0.17314487632508835,
      "round_seed_interaction": 10.242049469964664,
      "round_kenpom_interaction": 0.0,
      "seed_diff_squared": 59.265017667844525,
      "log_abs_seed_diff": 1.8121454215977055,
      "rating_disagreement": 5.07456499733715,
      "max_min_rating_spread": 9.550746925565731
    },
    "scales": {
      "kenpom_badj_em_power_diff": 13.011534679624894,
      "massey_ordinal_rank_percentile_diff": 0.23235952323917336,
      "bpi_rank_percentile_diff": 0.1559639132994834,
      "evanmiya_relative_rating_power_diff": 11.851850278995983,
      "seed_diff": 7.698377599718302,
      "seed_kenpom_interaction": 132.72205931155779,
      "abs_seed_same_conference_interaction": 0.904648849905272,
      "missing_kenpom_badj_em": 0.37837247274010066,
      "missing_massey_ordinal_rank": 0.3428335856650436,
      "missing_bpi_rank": 0.4528244768863097,
      "missing_evanmiya_relative_rating": 0.37837247274010066,
      "round_seed_interaction": 7.342196071305654,
      "round_kenpom_interaction": 20.27712193132993,
      "seed_diff_squared": 63.626092045302336,
      "log_abs_seed_diff": 0.6790966553981773,
      "rating_disagreement": 4.922613641521182,
      "max_min_rating_spread": 8.95162258276411
    }
  },
  "margin_model": {
    "intercept": 0.8712522187668078,
    "coefficients": {
      "kenpom_badj_em_power_diff": 4.169954320108779,
      "massey_ordinal_rank_percentile_diff": -0.4788247808990782,
      "bpi_rank_percentile_diff": 0.4011184413275295,
      "evanmiya_relative_rating_power_diff": 2.746359740563098,
      "seed_diff": -2.236686554171487,
      "seed_kenpom_interaction": -0.2922534126208447,
      "abs_seed_same_conference_interaction": 0.025834597706270834,
      "missing_kenpom_badj_em": -0.05897266933664724,
      "missing_massey_ordinal_rank": -0.03199405441225789,
      "missing_bpi_rank": -0.02060635512906117,
      "missing_evanmiya_relative_rating": -0.05897266933664724,
      "round_seed_interaction": -0.09146385282991654,
      "round_kenpom_interaction": 0.4939009586187453,
      "seed_diff_squared": -0.22956221410290634,
      "log_abs_seed_diff": 0.17597409532900077,
      "rating_disagreement": -0.383425262444268,
      "max_min_rating_spread": -0.0757675438763954
    }
  },
  "win_model": {
    "intercept": 0.19130156796955664,
    "coefficients": {
      "kenpom_badj_em_power_diff": 0.45353126289722245,
      "massey_ordinal_rank_percentile_diff": 0.062002202178379484,
      "bpi_rank_percentile_diff": -0.10884397100482435,
      "evanmiya_relative_rating_power_diff": 0.4862089368740571,
      "seed_kenpom_interaction": -0.00928184158582912,
      "abs_seed_same_conference_interaction": 0.008417510582749976,
      "missing_kenpom_badj_em": -0.0033818227281584567,
      "missing_massey_ordinal_rank": -0.0054413183298900325,
      "missing_bpi_rank": -0.004062397941350326,
      "missing_evanmiya_relative_rating": -0.0033818227281584567,
      "round_seed_interaction": 0.0009784119122790425,
      "round_kenpom_interaction": 0.3266906215505442,
      "seed_diff_squared": -0.03793638054584614,
      "log_abs_seed_diff": 0.02947341905433709,
      "rating_disagreement": -0.03613573979602713,
      "max_min_rating_spread": 0.002086906615915707
    }
  },
  "calibration": {
    "anchors": [
      {
        "raw": 0.12028524248796273,
        "calibrated": 0.08007968127490041
      },
      {
        "raw": 0.27782742809229927,
        "calibrated": 0.2
      },
      {
        "raw": 0.38555251146803865,
        "calibrated": 0.3798234552332913
      },
      {
        "raw": 0.5,
        "calibrated": 0.5
      },
      {
        "raw": 0.5443814122610563,
        "calibrated": 0.49537037037037035
      },
      {
        "raw": 0.7122946379035957,
        "calibrated": 0.6365367180417044
      },
      {
        "raw": 0.8507753226806462,
        "calibrated": 0.8478260869565217
      }
    ],
    "seedGapAnchors": [
      {
        "raw": 0.0743447607893728,
        "calibrated": 0.08013245033112584
      },
      {
        "raw": 0.19901650252892936,
        "calibrated": 0.08732394366197184
      },
      {
        "raw": 0.29395689040346756,
        "calibrated": 0.2019607843137255
      },
      {
        "raw": 0.5,
        "calibrated": 0.5
      },
      {
        "raw": 0.5422056269997546,
        "calibrated": 0.5098039215686274
      },
      {
        "raw": 0.7821912317203329,
        "calibrated": 0.7714285714285715
      },
      {
        "raw": 0.8912075627186086,
        "calibrated": 0.9245989304812835
      }
    ],
    "extremeGapAnchors": [
      {
        "raw": 0.059499716474222954,
        "calibrated": 0.08344827586206897
      },
      {
        "raw": 0.14121186929169147,
        "calibrated": 0.08344827586206897
      },
      {
        "raw": 0.2202554906900568,
        "calibrated": 0.125
      },
      {
        "raw": 0.5,
        "calibrated": 0.5
      },
      {
        "raw": 0.5404209616193971,
        "calibrated": 0.5
      },
      {
        "raw": 0.8367983183845342,