{
  "id": "tournament-consensus-candidate",
  "label": "Learned Tournament Consensus Candidate",
  "model_type": "learned_tournament_consensus",
  "generated_at": "2026-03-16T03:23:36.750066+00:00",
  "snapshot_policy": "selection_sunday_latest_stable",
  "training_seasons": [
    2016,
    2017,
    2018,
    2019,
    2021,
    2022,
    2023,
    2024,
    2025
  ],
  "data_sources": [
    "Kaggle MMasseyOrdinals",
    "Local Massey master composite archive",
    "Archive team sheet ranks",
    "Archive KenPom/Barttorvik",
    "Archive EvanMiya",
    "Archive 538 ratings"
  ],
  "source_coverage": {
    "summary": [
      "bpi: 9 seasons",
      "net: 6 seasons",
      "massey_ordinal: 9 seasons",
      "massey_master: 7 seasons",
      "kenpom_badj_em: 9 seasons",
      "evanmiya_relative_rating: 9 seasons",
      "fivethirtyeight_power: 8 seasons",
      "resume_rank_blend: 6 seasons"
    ],
    "seasonsBySource": {
      "bpi": [
        2016,
        2017,
        2018,
        2019,
        2021,
        2022,
        2023,
        2024,
        2025
      ],
      "net": [
        2019,
        2021,
        2022,
        2023,
        2024,
        2025
      ],
      "massey_ordinal": [
        2016,
        2017,
        2018,
        2019,
        2021,
        2022,
        2023,
        2024,
        2025
      ],
      "massey_master": [
        2016,
        2017,
        2018,
        2019,
        2021,
        2022,
        2023
      ],
      "kenpom_badj_em": [
        2016,
        2017,
        2018,
        2019,
        2021,
        2022,
        2023,
        2024,
        2025
      ],
      "evanmiya_relative_rating": [
        2016,
        2017,
        2018,
        2019,
        2021,
        2022,
        2023,
        2024,
        2025
      ],
      "fivethirtyeight_power": [
        2016,
        2017,
        2018,
        2019,
        2021,
        2022,
        2023,
        2024
      ],
      "resume_rank_blend": [
        2019,
        2021,
        2022,
        2023,
        2024,
        2025
      ]
    }
  },
  "source_weights": {
    "bpi_rank_percentile_diff": 0.0453,
    "massey_ordinal_rank_percentile_diff": 0.0616,
    "kenpom_badj_em_power_diff": 0.4879,
    "evanmiya_relative_rating_power_diff": 0.4052
  },
  "scaler": {
    "means": {
      "kenpom_badj_em_power_diff": 0.0,
      "massey_ordinal_rank_percentile_diff": 6.276879291166963e-18,
      "bpi_rank_percentile_diff": -6.276879291166963e-18,
      "evanmiya_relative_rating_power_diff": 0.0,
      "seed_diff": 0.0,
      "seed_kenpom_interaction": -84.7907367491166,
      "abs_seed_same_conference_interaction": 0.10954063604240283,
      "missing_kenpom_badj_em": 0.17314487632508835,
      "missing_massey_ordinal_rank": 0.13604240282685512,
      "missing_bpi_rank": 0.2879858657243816,
      "missing_evanmiya_relative_rating": 0.17314487632508835
    },
    "scales": {
      "kenpom_badj_em_power_diff": 13.011534679624894,
      "massey_ordinal_rank_percentile_diff": 0.23235952323917336,
      "bpi_rank_percentile_diff": 0.1559639132994834,
      "evanmiya_relative_rating_power_diff": 11.851850278995983,
      "seed_diff": 7.698377599718302,
      "seed_kenpom_interaction": 132.72205931155779,
      "abs_seed_same_conference_interaction": 0.904648849905272,
      "missing_kenpom_badj_em": 0.37837247274010066,
      "missing_massey_ordinal_rank": 0.3428335856650436,
      "missing_bpi_rank": 0.4528244768863097,
      "missing_evanmiya_relative_rating": 0.37837247274010066
    }
  },
  "margin_model": {
    "intercept": 0.00046586490338413765,
    "coefficients": {
      "kenpom_badj_em_power_diff": 3.811787913051452,
      "massey_ordinal_rank_percentile_diff": -0.4816157580488465,
      "bpi_rank_percentile_diff": 0.3537693024878683,
      "evanmiya_relative_rating_power_diff": 3.1656737708855847,
      "seed_diff": -3.187757590308429,
      "seed_kenpom_interaction": 0.0016451715630818597,
      "abs_seed_same_conference_interaction": 0.011478602924643866,
      "missing_kenpom_badj_em": -0.004276842047447715,
      "missing_massey_ordinal_rank": 0.007201490789364939,
      "missing_bpi_rank": 0.0008954711974613616,
      "missing_evanmiya_relative_rating": -0.004276842047447715
    }
  },
  "win_model": {
    "intercept": -9.17922589255038e-06,
    "coefficients": {
      "kenpom_badj_em_power_diff": 0.7208149452187049,
      "massey_ordinal_rank_percentile_diff": 0.05831253807942505,
      "bpi_rank_percentile_diff": -0.1340035469528278,
      "evanmiya_relative_rating_power_diff": 0.6076743573378264,
      "seed_kenpom_interaction": -0.0042898910282520575,
      "abs_seed_same_conference_interaction": 0.002648789758910919,
      "missing_kenpom_badj_em": -0.001724576800847033,
      "missing_massey_ordinal_rank": 0.001276898053768294,
      "missing_bpi_rank": 0.00435295271900682,
      "missing_evanmiya_relative_rating": -0.001724576800847033
    }
  },
  "calibration": {
    "anchors": [
      {
        "raw": 0.08820244834021652,
        "calibrated": 0.09723374827109267
      },
      {
        "raw": 0.22476677488206592,
        "calibrated": 0.16699669966996697
      },
      {
        "raw": 0.3281286075846508,
        "calibrated": 0.3445969125214408
      },
      {
        "raw": 0.4993418425412835,
        "calibrated": 0.49713138267355134
      },
      {
        "raw": 0.5,
        "calibrated": 0.5
      },
      {
        "raw": 0.6709974692763626,
        "calibrated": 0.6502487562189055
      },
      {
        "raw": 0.8355990655395156,
        "calibrated": 0.9014025245441795
      }
    ],
    "seedGapAnchors": [
      {
        "raw": 0.054431231311621156,
        "calibrated": 0.075
      },
      {
        "raw": 0.14943835288367488,
        "calibrated": 0.1014388489208633
      },
      {
        "raw": 0.2375025165525146,
        "calibrated": 0.21428571428571427
      },
      {
        "raw": 0.4993418425412835,
        "calibrated": 0.5
      },
      {
        "raw": 0.5,
        "calibrated": 0.5
      },
      {
        "raw": 0.7619416444392789,
        "calibrated": 0.8
      },
      {
        "raw": 0.8941440660547535,
        "calibrated": 0.8974683544303796
      }
    ]
  },
  "metrics": {
    "logLoss": 0.5664093062808186,
    "brierScore": 0.1913700763838524,
    "marginMae": 9.526077584262556,
    "calibrationError": 0.017605865188985464,
    "upsetRecall": 0.2727272727272727,
    "meanCalibrationShift": 0.0314361684865844
  },
  "artifact_path": "data/models/tournament-consensus-candidate.json",
  "notes": "Training-only candidate artifact built from source-native feature semantics. Not promoted by default.",
  "runtimeCompatible": false,
  "featureSemantics": [
    {
      "feature": "bpi_rank_percentile_diff",
      "family": "rank_transforms",
      "direction": "higher_is_better"
    },
    {
      "feature": "net_rank_percentile_diff",
      "family": "rank_transforms",
      "direction": "higher_is_better"
    },
    {
      "feature": "massey_ordinal_rank_percentile_diff",
      "family": "rank_transforms",
      "direction": "higher_is_better"
    },
    {
      "feature": "kenpom_badj_em_power_diff",
      "family": "predictive_ratings",
      "direction": "higher_is_better"
    },
    {
      "feature": "evanmiya_relative_rating_power_diff",
      "family": "predictive_ratings",
      "direction": "higher_is_better"
    },
    {
      "feature": "fivethirtyeight_power_power_diff",
      "family": "predictive_ratings",
      "direction": "higher_is_better"
    },
    {
      "feature": "resume_rank_blend_percentile_diff",
      "family": "resume_context",
      "direction": "higher_is_better"
    },
    {
      "feature": "massey_composite_rank_percentile_diff",
      "family": "experimental_rank_transforms",
      "direction": "higher_is_better"
    },
    {
      "feature": "massey_mean_rank_percentile_diff",
      "family": "experimental_rank_transforms",