{
  "id": "tournament-consensus-candidate",
  "label": "Learned Tournament Consensus Candidate",
  "model_type": "learned_tournament_consensus",
  "generated_at": "2026-03-18T02:36:43.881940+00:00",
  "snapshot_policy": "selection_sunday_latest_stable",
  "training_seasons": [
    2016,
    2017,
    2018,
    2019,
    2021,
    2022,
    2023,
    2024,
    2025
  ],
  "data_sources": [
    "Kaggle MMasseyOrdinals",
    "Local Massey master composite archive",
    "Archive team sheet ranks",
    "Archive KenPom/Barttorvik",
    "Archive EvanMiya",
    "Archive 538 ratings"
  ],
  "source_coverage": {
    "summary": [
      "bpi: 9 seasons",
      "net: 6 seasons",
      "massey_ordinal: 9 seasons",
      "massey_master: 7 seasons",
      "kenpom_badj_em: 9 seasons",
      "evanmiya_relative_rating: 9 seasons",
      "fivethirtyeight_power: 8 seasons",
      "resume_rank_blend: 6 seasons"
    ],
    "seasonsBySource": {
      "bpi": [
        2016,
        2017,
        2018,
        2019,
        2021,
        2022,
        2023,
        2024,
        2025
      ],
      "net": [
        2019,
        2021,
        2022,
        2023,
        2024,
        2025
      ],
      "massey_ordinal": [
        2016,
        2017,
        2018,
        2019,
        2021,
        2022,
        2023,
        2024,
        2025
      ],
      "massey_master": [
        2016,
        2017,
        2018,
        2019,
        2021,
        2022,
        2023
      ],
      "kenpom_badj_em": [
        2016,
        2017,
        2018,
        2019,
        2021,
        2022,
        2023,
        2024,
        2025
      ],
      "evanmiya_relative_rating": [
        2016,
        2017,
        2018,
        2019,
        2021,
        2022,
        2023,
        2024,
        2025
      ],
      "fivethirtyeight_power": [
        2016,
        2017,
        2018,
        2019,
        2021,
        2022,
        2023,
        2024
      ],
      "resume_rank_blend": [
        2019,
        2021,
        2022,
        2023,
        2024,
        2025
      ]
    }
  },
  "source_weights": {
    "bpi_rank_percentile_diff": 0.0398,
    "massey_ordinal_rank_percentile_diff": 0.0982,
    "kenpom_badj_em_power_diff": 0.5428,
    "evanmiya_relative_rating_power_diff": 0.3192
  },
  "scaler": {
    "means": {
      "kenpom_badj_em_power_diff": 0.0,
      "massey_ordinal_rank_percentile_diff": 6.276879291166963e-18,
      "bpi_rank_percentile_diff": -6.276879291166963e-18,
      "evanmiya_relative_rating_power_diff": 0.0,
      "seed_diff": 0.0,
      "seed_kenpom_interaction": -84.7907367491166,
      "abs_seed_same_conference_interaction": 0.10954063604240283,
      "missing_kenpom_badj_em": 0.17314487632508835,
      "missing_massey_ordinal_rank": 0.13604240282685512,
      "missing_bpi_rank": 0.2879858657243816,
      "missing_evanmiya_relative_rating": 0.17314487632508835,
      "round_seed_interaction": 10.242049469964664,
      "round_kenpom_interaction": 0.0,
      "seed_diff_squared": 59.265017667844525,
      "log_abs_seed_diff": 1.8121454215977055,
      "rating_disagreement": 0.12498617090000348,
      "max_min_rating_spread": 0.2531481379287089,
      "elo_diff": -3.213762197077485e-15,
      "elo_rank_percentile_diff": 0.0,
      "missing_elo": 0.01060070671378092
    },
    "scales": {
      "kenpom_badj_em_power_diff": 13.011534679624894,
      "massey_ordinal_rank_percentile_diff": 0.23235952323917336,
      "bpi_rank_percentile_diff": 0.1559639132994834,
      "evanmiya_relative_rating_power_diff": 11.851850278995983,
      "seed_diff": 7.698377599718302,
      "seed_kenpom_interaction": 132.72205931155779,
      "abs_seed_same_conference_interaction": 0.904648849905272,
      "missing_kenpom_badj_em": 0.37837247274010066,
      "missing_massey_ordinal_rank": 0.3428335856650436,
      "missing_bpi_rank": 0.4528244768863097,
      "missing_evanmiya_relative_rating": 0.37837247274010066,
      "round_seed_interaction": 7.342196071305654,
      "round_kenpom_interaction": 20.27712193132993,
      "seed_diff_squared": 63.626092045302336,
      "log_abs_seed_diff": 0.6790966553981773,
      "rating_disagreement": 0.10666053518849077,
      "max_min_rating_spread": 0.20604017066252503,
      "elo_diff": 126.4090717551094,
      "elo_rank_percentile_diff": 0.1773990708152613,
      "missing_elo": 0.10241255651017271
    }
  },
  "margin_model": {
    "intercept": 0.8622650923341967,
    "coefficients": {
      "kenpom_badj_em_power_diff": 3.9152362693204967,
      "massey_ordinal_rank_percentile_diff": -0.7080334392644847,
      "bpi_rank_percentile_diff": 0.2874010982402151,
      "evanmiya_relative_rating_power_diff": 2.30291256498737,
      "seed_diff": -1.3323669711189137,
      "seed_kenpom_interaction": -0.24586071723206615,
      "abs_seed_same_conference_interaction": 0.02981152223769179,
      "missing_kenpom_badj_em": -0.07289571054117694,
      "missing_massey_ordinal_rank": 0.025415688133440195,
      "missing_bpi_rank": -0.042568489773648466,
      "missing_evanmiya_relative_rating": -0.07289571054117694,
      "round_seed_interaction": -0.04622542285790798,
      "round_kenpom_interaction": 0.46662228030023023,
      "seed_diff_squared": -0.306776428902122,
      "log_abs_seed_diff": 0.17496028677033282,
      "rating_disagreement": -0.5826023587917337,
      "max_min_rating_spread": 0.2191420124589456,
      "elo_diff": 1.6320137963177723,
      "elo_rank_percentile_diff": 0.6229084851524362,
      "missing_elo": -0.014053520620382232
    }
  },
  "win_model": {
    "intercept": 0.19257139812138657,
    "coefficients": {
      "kenpom_badj_em_power_diff": 0.3507243248342875,
      "massey_ordinal_rank_percentile_diff": 0.05155066530986696,
      "bpi_rank_percentile_diff": -0.05689218169943855,
      "evanmiya_relative_rating_power_diff": 0.43280675752478803,
      "seed_kenpom_interaction": -0.04841923595215292,
      "abs_seed_same_conference_interaction": 0.010662840644664495,
      "missing_kenpom_badj_em": -0.008622262288312643,
      "missing_massey_ordinal_rank": 0.006880549159078542,
      "missing_bpi_rank": -0.001090796967975538,
      "missing_evanmiya_relative_rating": -0.008622262288312643,
      "round_seed_interaction": 0.017717933526222862,
      "round_kenpom_interaction": 0.21361551386182387,
      "seed_diff_squared": -0.06701822163115545,
      "log_abs_seed_diff": 0.02773431520008396,
      "rating_disagreement": -0.09202886525413434,
      "max_min_rating_spread": 0.03509028189036845,
      "elo_diff": 0.5852014192959669,
      "elo_rank_percentile_diff": -0.28268699605888403,
      "missing_elo": -0.0031172878995311404
    }
  },
  "calibration": {
    "anchors": [
      {
        "raw": 0.1163822910020562,
        "calibrated": 0.07560975609756099
      },
      {
        "raw": 0.28092550563085783,
        "calibrated": 0.19222373806275578
      },
      {
        "raw": 0.3899310508434498,
        "calibrated": 0.37175639894086493
      },
      {
        "raw": 0.5,
        "calibrated": 0.5
      },
      {
        "raw": 0.5543048324216873,
        "calibrated": 0.5
      },
      {
        "raw": 0.708812068455333,
        "calibrated": 0.6198875614898102
      },
      {
        "raw": 0.8446102428270211,
        "calibrated": 0.9069767441860465
      }
    ],
    "seedGapAnchors": [
      {
        "raw": 0.07222493827491556,
        "calibrated": 0.07570093457943924
      },
      {
        "raw": 0.2031150956906395,
        "calibrated": 0.08292682926829267
      },
      {
        "raw": 0.29911676338212345,
        "calibrated": 0.19391304347826088
      },
      {
        "raw": 0.5,
        "calibrated": 0.5
      },
      {
        "raw": 0.5533844857035659,
        "calibrated": 0.5000000000000001
      },
      {
        "raw": 0.7784986677314655,
        "calibrated": 0.7931623931623932
      },
      {
        "raw": 0.8932490205387918,
        "calibrated": 0.9195555555555556
      }
    ],