{
  "id": "tournament-consensus-candidate",
  "label": "Learned Tournament Consensus Candidate",
  "model_type": "learned_tournament_consensus",
  "generated_at": "2026-03-16T03:05:20.717605+00:00",
  "snapshot_policy": "selection_sunday_latest_stable",
  "training_seasons": [
    2016,
    2017,
    2018,
    2019,
    2021,
    2022,
    2023,
    2024,
    2025
  ],
  "data_sources": [
    "Kaggle MMasseyOrdinals",
    "Local Massey master composite archive",
    "Archive team sheet ranks",
    "Archive KenPom/Barttorvik",
    "Archive EvanMiya",
    "Archive 538 ratings"
  ],
  "source_coverage": {
    "summary": [
      "bpi: 9 seasons",
      "net: 6 seasons",
      "massey_ordinal: 9 seasons",
      "massey_master: 7 seasons",
      "kenpom_badj_em: 9 seasons",
      "evanmiya_relative_rating: 9 seasons",
      "fivethirtyeight_power: 8 seasons",
      "resume_rank_blend: 6 seasons"
    ],
    "seasonsBySource": {
      "bpi": [
        2016,
        2017,
        2018,
        2019,
        2021,
        2022,
        2023,
        2024,
        2025
      ],
      "net": [
        2019,
        2021,
        2022,
        2023,
        2024,
        2025
      ],
      "massey_ordinal": [
        2016,
        2017,
        2018,
        2019,
        2021,
        2022,
        2023,
        2024,
        2025
      ],
      "massey_master": [
        2016,
        2017,
        2018,
        2019,
        2021,
        2022,
        2023
      ],
      "kenpom_badj_em": [
        2016,
        2017,
        2018,
        2019,
        2021,
        2022,
        2023,
        2024,
        2025
      ],
      "evanmiya_relative_rating": [
        2016,
        2017,
        2018,
        2019,
        2021,
        2022,
        2023,
        2024,
        2025
      ],
      "fivethirtyeight_power": [
        2016,
        2017,
        2018,
        2019,
        2021,
        2022,
        2023,
        2024
      ],
      "resume_rank_blend": [
        2019,
        2021,
        2022,
        2023,
        2024,
        2025
      ]
    }
  },
  "source_weights": {
    "bpi_rank_percentile_diff": 0.0451,
    "massey_ordinal_rank_percentile_diff": 0.0386,
    "kenpom_badj_em_power_diff": 0.5808,
    "evanmiya_relative_rating_power_diff": 0.3355
  },
  "scaler": {
    "means": {
      "kenpom_badj_em_power_diff": 0.0,
      "massey_ordinal_rank_percentile_diff": 6.276879291166963e-18,
      "bpi_rank_percentile_diff": -6.276879291166963e-18,
      "evanmiya_relative_rating_power_diff": 0.0,
      "seed_diff": 0.0,
      "seed_kenpom_interaction": 0.0,
      "abs_seed_same_conference_interaction": 0.0,
      "missing_kenpom_badj_em": 0.17314487632508835,
      "missing_massey_ordinal_rank": 0.13604240282685512,
      "missing_bpi_rank": 0.2879858657243816,
      "missing_evanmiya_relative_rating": 0.17314487632508835
    },
    "scales": {
      "kenpom_badj_em_power_diff": 13.011534679624894,
      "massey_ordinal_rank_percentile_diff": 0.23235952323917336,
      "bpi_rank_percentile_diff": 0.1559639132994834,
      "evanmiya_relative_rating_power_diff": 11.851850278995983,
      "seed_diff": 7.698377599718302,
      "seed_kenpom_interaction": 1.0,
      "abs_seed_same_conference_interaction": 1.0,
      "missing_kenpom_badj_em": 0.37837247274010066,
      "missing_massey_ordinal_rank": 0.3428335856650436,
      "missing_bpi_rank": 0.4528244768863097,
      "missing_evanmiya_relative_rating": 0.37837247274010066
    }
  },
  "margin_model": {
    "intercept": -7.897855327981989e-18,
    "coefficients": {
      "kenpom_badj_em_power_diff": 4.438378558364924,
      "massey_ordinal_rank_percentile_diff": -0.29497421471840823,
      "bpi_rank_percentile_diff": 0.3449172554660116,
      "evanmiya_relative_rating_power_diff": 2.563547152060899,
      "seed_diff": -2.8502137803321634,
      "seed_kenpom_interaction": 0.0,
      "abs_seed_same_conference_interaction": 0.0,
      "missing_kenpom_badj_em": 0.006335716060474117,
      "missing_massey_ordinal_rank": 0.002464807668519392,
      "missing_bpi_rank": 0.007234667377866155,
      "missing_evanmiya_relative_rating": 0.006335716060474117
    }
  },
  "win_model": {
    "intercept": 4.4260938987658827e-05,
    "coefficients": {
      "kenpom_badj_em_power_diff": 0.6908405725031592,
      "massey_ordinal_rank_percentile_diff": 0.0588467123825227,
      "bpi_rank_percentile_diff": -0.13182588546387208,
      "evanmiya_relative_rating_power_diff": 0.6309686757420692,
      "seed_kenpom_interaction": 0.0,
      "abs_seed_same_conference_interaction": 0.0,
      "missing_kenpom_badj_em": 0.00032093056449002816,
      "missing_massey_ordinal_rank": -0.0017389840255857512,
      "missing_bpi_rank": 0.0015757759079321233,
      "missing_evanmiya_relative_rating": 0.00032093056449002816
    }
  },
  "calibration": {
    "anchors": [
      {
        "raw": 0.08033762889675945,
        "calibrated": 0.1
      },
      {
        "raw": 0.21671053115458067,
        "calibrated": 0.1724137931034483
      },
      {
        "raw": 0.3237739800315904,
        "calibrated": 0.35294117647058826
      },
      {
        "raw": 0.5,
        "calibrated": 0.5
      },
      {
        "raw": 0.500045956625694,
        "calibrated": 0.5
      },
      {
        "raw": 0.674294924323198,
        "calibrated": 0.6363636363636365
      },
      {
        "raw": 0.8481309154890331,
        "calibrated": 0.9047619047619048
      }
    ]
  },
  "metrics": {
    "logLoss": 0.5650569187744677,
    "brierScore": 0.18980133487883444,
    "marginMae": 9.525532129750008,
    "calibrationError": 0.05896268848857177,
    "upsetRecall": 0.2589257233994076
  },
  "artifact_path": "data/models/tournament-consensus-candidate.json",
  "notes": "Training-only candidate artifact built from source-native feature semantics. Not promoted by default.",
  "runtimeCompatible": false,
  "featureSemantics": [
    {
      "feature": "bpi_rank_percentile_diff",
      "family": "rank_transforms",
      "direction": "higher_is_better"
    },
    {
      "feature": "net_rank_percentile_diff",
      "family": "rank_transforms",
      "direction": "higher_is_better"
    },
    {
      "feature": "massey_ordinal_rank_percentile_diff",
      "family": "rank_transforms",
      "direction": "higher_is_better"
    },
    {
      "feature": "kenpom_badj_em_power_diff",
      "family": "predictive_ratings",
      "direction": "higher_is_better"
    },
    {
      "feature": "evanmiya_relative_rating_power_diff",
      "family": "predictive_ratings",
      "direction": "higher_is_better"
    },
    {
      "feature": "fivethirtyeight_power_power_diff",
      "family": "predictive_ratings",
      "direction": "higher_is_better"
    },
    {
      "feature": "resume_rank_blend_percentile_diff",
      "family": "resume_context",
      "direction": "higher_is_better"
    },
    {
      "feature": "massey_composite_rank_percentile_diff",
      "family": "experimental_rank_transforms",
      "direction": "higher_is_better"
    },
    {
      "feature": "massey_mean_rank_percentile_diff",
      "family": "experimental_rank_transforms",
      "direction": "higher_is_better"
    },
    {
      "feature": "massey_median_rank_percentile_diff",
      "family": "experimental_rank_transforms",
      "direction": "higher_is_better"
    },
    {
      "feature": "massey_rank_stdev_advantage",
      "family": "experimental_consensus_dispersion",
      "direction": "higher_is_better"
    },
    {
      "feature": "massey_win_pct_power_diff",
      "family": "experimental_predictive_ratings",
      "direction": "higher_is_better"
    },
    {
      "feature": "seed_diff",
      "family": "resume_context",
      "direction": "lower_is_better"
    },
    {
      "feature": "same_conference",
      "family": "resume_context",
      "direction": "higher_is_better"
    },
    {
      "feature": "seed_kenpom_interaction",
      "family": "interaction",