{
  "id": "tournament-consensus-candidate",
  "label": "Learned Tournament Consensus Candidate",
  "model_type": "learned_tournament_consensus",
  "generated_at": "2026-03-16T02:55:13.686498+00:00",
  "snapshot_policy": "selection_sunday_latest_stable",
  "training_seasons": [
    2016,
    2017,
    2018,
    2019,
    2021,
    2022,
    2023,
    2024,
    2025
  ],
  "data_sources": [
    "Kaggle MMasseyOrdinals",
    "Local Massey master composite archive",
    "Archive team sheet ranks",
    "Archive KenPom/Barttorvik",
    "Archive EvanMiya",
    "Archive 538 ratings"
  ],
  "source_coverage": {
    "summary": [
      "bpi: 9 seasons",
      "net: 6 seasons",
      "massey_ordinal: 9 seasons",
      "massey_master: 7 seasons",
      "kenpom_badj_em: 9 seasons",
      "evanmiya_relative_rating: 9 seasons",
      "fivethirtyeight_power: 8 seasons",
      "resume_rank_blend: 6 seasons"
    ],
    "seasonsBySource": {
      "bpi": [
        2016,
        2017,
        2018,
        2019,
        2021,
        2022,
        2023,
        2024,
        2025
      ],
      "net": [
        2019,
        2021,
        2022,
        2023,
        2024,
        2025
      ],
      "massey_ordinal": [
        2016,
        2017,
        2018,
        2019,
        2021,
        2022,
        2023,
        2024,
        2025
      ],
      "massey_master": [
        2016,
        2017,
        2018,
        2019,
        2021,
        2022,
        2023
      ],
      "kenpom_badj_em": [
        2016,
        2017,
        2018,
        2019,
        2021,
        2022,
        2023,
        2024,
        2025
      ],
      "evanmiya_relative_rating": [
        2016,
        2017,
        2018,
        2019,
        2021,
        2022,
        2023,
        2024,
        2025
      ],
      "fivethirtyeight_power": [
        2016,
        2017,
        2018,
        2019,
        2021,
        2022,
        2023,
        2024
      ],
      "resume_rank_blend": [
        2019,
        2021,
        2022,
        2023,
        2024,
        2025
      ]
    }
  },
  "source_weights": {
    "massey_ordinal_rank_percentile_diff": 0.0708,
    "kenpom_badj_em_power_diff": 0.9292
  },
  "scaler": {
    "means": {
      "massey_ordinal_rank_percentile_diff": 6.276879291166963e-18,
      "kenpom_badj_em_power_diff": 0.0,
      "seed_diff": 0.0,
      "missing_massey_ordinal_rank": 0.13604240282685512,
      "missing_kenpom_badj_em": 0.17314487632508835
    },
    "scales": {
      "massey_ordinal_rank_percentile_diff": 0.23235952323917336,
      "kenpom_badj_em_power_diff": 13.011534679624894,
      "seed_diff": 7.698377599718302,
      "missing_massey_ordinal_rank": 0.3428335856650436,
      "missing_kenpom_badj_em": 0.37837247274010066
    }
  },
  "margin_model": {
    "intercept": 2.890934233794166e-31,
    "coefficients": {
      "massey_ordinal_rank_percentile_diff": -0.5767157041031226,
      "kenpom_badj_em_power_diff": 7.563827249419354,
      "seed_diff": -3.0387555918056854,
      "missing_massey_ordinal_rank": -4.5023026176501227e-14,
      "missing_kenpom_badj_em": -2.0676907888287705e-15
    }
  },
  "win_model": {
    "intercept": -2.188984881435467e-06,
    "coefficients": {
      "massey_ordinal_rank_percentile_diff": 0.031040600380929557,
      "kenpom_badj_em_power_diff": 0.7640449523107101,
      "seed_diff": -0.5448448828132715,
      "missing_massey_ordinal_rank": 1.3503625541146606e-05,
      "missing_kenpom_badj_em": 2.3369145283843728e-05
    }
  },
  "calibration": {
    "anchors": [
      {
        "raw": 0.036170215562708746,
        "calibrated": 0.07692307692307693
      },
      {
        "raw": 0.14517728274813135,
        "calibrated": 0.13793103448275862
      },
      {
        "raw": 0.32222222222222224,
        "calibrated": 0.33884297520661155
      },
      {
        "raw": 0.5,
        "calibrated": 0.5
      },
      {
        "raw": 0.6777777777777778,
        "calibrated": 0.6587301587301587
      },
      {
        "raw": 0.9165560548583422,
        "calibrated": 0.875
      }
    ]
  },
  "metrics": {
    "logLoss": 0.5702093521012535,
    "brierScore": 0.19017642762500125,
    "marginMae": 9.465514779886869,
    "calibrationError": 0.10854563197985222,
    "upsetRecall": 0.0835127591706539
  },
  "artifact_path": "data/models/tournament-consensus-candidate.json",
  "notes": "Training-only candidate artifact built from source-native feature semantics. Not promoted by default.",
  "runtimeCompatible": false,
  "featureSemantics": [
    {
      "feature": "bpi_rank_percentile_diff",
      "family": "rank_transforms",
      "direction": "higher_is_better"
    },
    {
      "feature": "net_rank_percentile_diff",
      "family": "rank_transforms",
      "direction": "higher_is_better"
    },
    {
      "feature": "massey_ordinal_rank_percentile_diff",
      "family": "rank_transforms",
      "direction": "higher_is_better"
    },
    {
      "feature": "kenpom_badj_em_power_diff",
      "family": "predictive_ratings",
      "direction": "higher_is_better"
    },
    {
      "feature": "evanmiya_relative_rating_power_diff",
      "family": "predictive_ratings",
      "direction": "higher_is_better"
    },
    {
      "feature": "fivethirtyeight_power_power_diff",
      "family": "predictive_ratings",
      "direction": "higher_is_better"
    },
    {
      "feature": "resume_rank_blend_percentile_diff",
      "family": "resume_context",
      "direction": "higher_is_better"
    },
    {
      "feature": "massey_composite_rank_percentile_diff",
      "family": "experimental_rank_transforms",
      "direction": "higher_is_better"
    },
    {
      "feature": "massey_mean_rank_percentile_diff",
      "family": "experimental_rank_transforms",
      "direction": "higher_is_better"
    },
    {
      "feature": "massey_median_rank_percentile_diff",
      "family": "experimental_rank_transforms",
      "direction": "higher_is_better"
    },
    {
      "feature": "massey_rank_stdev_advantage",
      "family": "experimental_consensus_dispersion",
      "direction": "higher_is_better"
    },
    {
      "feature": "massey_win_pct_power_diff",
      "family": "experimental_predictive_ratings",
      "direction": "higher_is_better"
    },
    {
      "feature": "seed_diff",
      "family": "resume_context",
      "direction": "lower_is_better"
    },
    {
      "feature": "same_conference",
      "family": "resume_context",
      "direction": "higher_is_better"
    },
    {
      "feature": "seed_kenpom_interaction",
      "family": "interaction",
      "direction": "lower_is_better"
    },
    {
      "feature": "abs_seed_same_conference_interaction",
      "family": "interaction",
      "direction": "higher_is_better"
    },
    {
      "feature": "available_predictive_rank_count",
      "family": "missingness",
      "direction": "higher_is_better"
    },
    {
      "feature": "available_power_feature_count",
      "family": "missingness",
      "direction": "higher_is_better"
    },
    {
      "feature": "available_resume_feature_count",
      "family": "missingness",
      "direction": "higher_is_better"
    },
    {
      "feature": "missing_bpi_rank",
      "family": "missingness",
      "direction": "lower_is_better"
    },
    {
      "feature": "missing_net_rank",
      "family": "missingness",
      "direction": "lower_is_better"
    },
    {
      "feature": "missing_massey_ordinal_rank",
      "family": "missingness",
      "direction": "lower_is_better"
    },
    {
      "feature": "missing_massey_composite_rank",
      "family": "missingness",
      "direction": "lower_is_better"
    },
    {
      "feature": "missing_massey_mean_rank",
      "family": "missingness",
      "direction": "lower_is_better"
    },
    {
      "feature": "missing_massey_median_rank",
      "family": "missingness",
      "direction": "lower_is_better"
    },
    {
      "feature": "missing_massey_rank_stdev",